x-axis,1,2,3,
second,Volt,Volt,Volt,Vd
-2.50E-04,-2.06E+00,-5.78E-01,-6.02E-01,0.0234375
-2.50E-04,-2.09E+00,-5.87E-01,-6.09E-01,0.021484375
-2.49E-04,-2.10E+00,-5.98E-01,-6.15E-01,0.016796875
-2.49E-04,-2.12E+00,-6.07E-01,-6.20E-01,0.01328125
-2.48E-04,-2.13E+00,-6.16E-01,-6.25E-01,0.008984375
-2.48E-04,-2.15E+00,-6.23E-01,-6.30E-01,0.00703125
-2.47E-04,-2.16E+00,-6.26E-01,-6.34E-01,0.007421875
-2.47E-04,-2.17E+00,-6.28E-01,-6.37E-01,0.008984375
-2.46E-04,-2.18E+00,-6.32E-01,-6.39E-01,0.00703125
-2.46E-04,-2.18E+00,-6.34E-01,-6.41E-01,0.00703125
-2.45E-04,-2.19E+00,-6.35E-01,-6.43E-01,0.008203125
-2.45E-04,-2.19E+00,-6.34E-01,-6.43E-01,0.008984375
-2.44E-04,-2.19E+00,-6.34E-01,-6.43E-01,0.009765625
-2.44E-04,-2.19E+00,-6.32E-01,-6.43E-01,0.01015625
-2.43E-04,-2.18E+00,-6.27E-01,-6.40E-01,0.012890625
-2.43E-04,-2.18E+00,-6.27E-01,-6.39E-01,0.012109375
-2.42E-04,-2.17E+00,-6.24E-01,-6.37E-01,0.012890625
-2.42E-04,-2.16E+00,-6.22E-01,-6.34E-01,0.011328125
-2.41E-04,-2.14E+00,-6.20E-01,-6.30E-01,0.009765625
-2.41E-04,-2.13E+00,-6.15E-01,-6.25E-01,0.009765625
-2.40E-04,-2.11E+00,-6.09E-01,-6.20E-01,0.011328125
-2.40E-04,-2.10E+00,-6.03E-01,-6.14E-01,0.01171875
-2.39E-04,-2.08E+00,-5.95E-01,-6.07E-01,0.0125
-2.39E-04,-2.06E+00,-5.88E-01,-6.01E-01,0.012890625
-2.38E-04,-2.04E+00,-5.82E-01,-5.94E-01,0.01171875
-2.38E-04,-2.00E+00,-5.77E-01,-5.86E-01,0.009765625
-2.37E-04,-1.98E+00,-5.71E-01,-5.78E-01,0.006640625
-2.37E-04,-1.95E+00,-5.65E-01,-5.68E-01,0.003515625
-2.36E-04,-1.93E+00,-5.57E-01,-5.59E-01,0.001953125
-2.36E-04,-1.89E+00,-5.51E-01,-5.49E-01,0.0015625
-2.35E-04,-1.86E+00,-5.43E-01,-5.39E-01,0.004296875
-2.35E-04,-1.83E+00,-5.33E-01,-5.28E-01,0.00546875
-2.34E-04,-1.79E+00,-5.18E-01,-5.15E-01,0.003125
-2.34E-04,-1.75E+00,-5.04E-01,-5.03E-01,0.001171875
-2.33E-04,-1.71E+00,-4.89E-01,-4.91E-01,0.001953125
-2.33E-04,-1.67E+00,-4.73E-01,-4.78E-01,0.0046875
-2.32E-04,-1.63E+00,-4.57E-01,-4.63E-01,0.005859375
-2.32E-04,-1.59E+00,-4.43E-01,-4.48E-01,0.0046875
-2.31E-04,-1.55E+00,-4.27E-01,-4.34E-01,0.00703125
-2.31E-04,-1.50E+00,-4.14E-01,-4.19E-01,0.005078125
-2.30E-04,-1.46E+00,-4.01E-01,-4.04E-01,0.002734375
-2.30E-04,-1.41E+00,-3.89E-01,-3.88E-01,0.001171875
-2.29E-04,-1.36E+00,-3.73E-01,-3.72E-01,0.001171875
-2.29E-04,-1.30E+00,-3.60E-01,-3.55E-01,0.00546875
-2.28E-04,-1.25E+00,-3.46E-01,-3.39E-01,0.0078125
-2.28E-04,-1.20E+00,-3.32E-01,-3.22E-01,0.009375
-2.27E-04,-1.15E+00,-3.15E-01,-3.04E-01,0.0109375
-2.27E-04,-1.09E+00,-2.98E-01,-2.86E-01,0.012109375
-2.26E-04,-1.04E+00,-2.80E-01,-2.68E-01,0.011328125
-2.26E-04,-9.77E-01,-2.62E-01,-2.49E-01,0.012890625
-2.25E-04,-9.20E-01,-2.44E-01,-2.30E-01,0.013671875
-2.25E-04,-8.57E-01,-2.24E-01,-2.11E-01,0.012890625
-2.24E-04,-8.03E-01,-2.05E-01,-1.92E-01,0.012890625
-2.24E-04,-7.42E-01,-1.84E-01,-1.72E-01,0.01171875
-2.23E-04,-6.86E-01,-1.64E-01,-1.55E-01,0.008984375
-2.23E-04,-6.29E-01,-1.47E-01,-1.34E-01,0.01328125
-2.22E-04,-5.70E-01,-1.30E-01,-1.15E-01,0.01484375
-2.22E-04,-5.12E-01,-1.11E-01,-9.49E-02,0.01640625
-2.21E-04,-4.47E-01,-9.41E-02,-7.46E-02,0.01953125
-2.21E-04,-3.89E-01,-6.99E-02,-5.47E-02,0.015234375
-2.20E-04,-3.24E-01,-4.84E-02,-3.55E-02,0.012890625
-2.20E-04,-2.58E-01,-2.62E-02,-1.60E-02,0.01015625
-2.19E-04,-2.01E-01,-5.86E-03,3.52E-03,0.009375
-2.19E-04,-1.45E-01,1.37E-02,2.34E-02,0.009765625
-2.18E-04,-8.59E-02,3.16E-02,4.26E-02,0.0109375
-2.18E-04,-2.73E-02,4.84E-02,6.33E-02,0.01484375
-2.17E-04,3.13E-02,6.29E-02,8.32E-02,0.0203125
-2.17E-04,9.38E-02,8.09E-02,1.03E-01,0.022265625
-2.16E-04,1.52E-01,9.65E-02,1.22E-01,0.02578125
-2.16E-04,2.15E-01,1.13E-01,1.42E-01,0.0296875
-2.15E-04,2.73E-01,1.31E-01,1.61E-01,0.030468751
-2.15E-04,3.34E-01,1.54E-01,1.81E-01,0.027734375
-2.14E-04,3.89E-01,1.77E-01,2.01E-01,0.02421875
-2.14E-04,4.49E-01,2.00E-01,2.20E-01,0.01953125
-2.13E-04,5.00E-01,2.20E-01,2.38E-01,0.018359375
-2.13E-04,5.55E-01,2.42E-01,2.57E-01,0.01484375
-2.12E-04,6.11E-01,2.61E-01,2.74E-01,0.012890625
-2.12E-04,6.66E-01,2.81E-01,2.92E-01,0.0109375
-2.11E-04,7.21E-01,2.97E-01,3.09E-01,0.011328125
-2.11E-04,7.70E-01,3.14E-01,3.26E-01,0.012109375
-2.10E-04,8.24E-01,3.28E-01,3.43E-01,0.014453125
-2.10E-04,8.71E-01,3.43E-01,3.59E-01,0.016015625
-2.09E-04,9.26E-01,3.56E-01,3.75E-01,0.019140625
-2.09E-04,9.77E-01,3.70E-01,3.91E-01,0.02109375
-2.08E-04,1.02E+00,3.83E-01,4.07E-01,0.023828125
-2.08E-04,1.07E+00,3.96E-01,4.23E-01,0.026171875
-2.07E-04,1.11E+00,4.11E-01,4.37E-01,0.025390625
-2.07E-04,1.16E+00,4.27E-01,4.51E-01,0.024609375
-2.06E-04,1.19E+00,4.39E-01,4.64E-01,0.025390625
-2.06E-04,1.23E+00,4.53E-01,4.78E-01,0.024609375
-2.05E-04,1.27E+00,4.66E-01,4.89E-01,0.0234375
-2.05E-04,1.31E+00,4.80E-01,5.02E-01,0.021875
-2.04E-04,1.35E+00,4.91E-01,5.13E-01,0.021875
-2.04E-04,1.38E+00,5.02E-01,5.25E-01,0.02265625
-2.03E-04,1.41E+00,5.12E-01,5.35E-01,0.0234375
-2.03E-04,1.44E+00,5.20E-01,5.45E-01,0.024609375
-2.02E-04,1.48E+00,5.29E-01,5.55E-01,0.026171875
-2.02E-04,1.50E+00,5.36E-01,5.64E-01,0.028515625
-2.01E-04,1.52E+00,5.46E-01,5.73E-01,0.026953125
-2.01E-04,1.54E+00,5.59E-01,5.81E-01,0.02265625
-2.00E-04,1.57E+00,5.68E-01,5.88E-01,0.019140625
-2.00E-04,1.59E+00,5.76E-01,5.95E-01,0.018359375
-1.99E-04,1.61E+00,5.85E-01,6.02E-01,0.016796875
-1.99E-04,1.62E+00,5.89E-01,6.07E-01,0.017578125
-1.98E-04,1.63E+00,5.93E-01,6.11E-01,0.017578125
-1.98E-04,1.65E+00,5.94E-01,6.16E-01,0.021484375
-1.97E-04,1.66E+00,5.94E-01,6.19E-01,0.024609375
-1.97E-04,1.67E+00,5.97E-01,6.21E-01,0.024609375
-1.96E-04,1.68E+00,5.99E-01,6.25E-01,0.025390625
-1.96E-04,1.69E+00,6.00E-01,6.27E-01,0.026953125
-1.95E-04,1.68E+00,6.02E-01,6.28E-01,0.0265625
-1.95E-04,1.68E+00,6.04E-01,6.29E-01,0.02421875
-1.94E-04,1.69E+00,6.08E-01,6.28E-01,0.01953125
-1.94E-04,1.68E+00,6.11E-01,6.27E-01,0.016015625
-1.93E-04,1.68E+00,6.14E-01,6.27E-01,0.01328125
-1.93E-04,1.67E+00,6.16E-01,6.25E-01,0.008984375
-1.92E-04,1.67E+00,6.15E-01,6.23E-01,0.007421875
-1.92E-04,1.65E+00,6.13E-01,6.19E-01,0.005859375
-1.91E-04,1.64E+00,6.09E-01,6.15E-01,0.00625
-1.91E-04,1.63E+00,6.03E-01,6.10E-01,0.00703125
-1.90E-04,1.62E+00,5.96E-01,6.06E-01,0.01015625
-1.90E-04,1.60E+00,5.89E-01,6.01E-01,0.011328125
-1.89E-04,1.58E+00,5.82E-01,5.95E-01,0.012109375
-1.89E-04,1.56E+00,5.75E-01,5.88E-01,0.012890625
-1.88E-04,1.54E+00,5.66E-01,5.80E-01,0.013671875
-1.88E-04,1.51E+00,5.58E-01,5.72E-01,0.013671875
-1.87E-04,1.48E+00,5.49E-01,5.64E-01,0.015234375
-1.87E-04,1.46E+00,5.40E-01,5.54E-01,0.0140625
-1.86E-04,1.42E+00,5.33E-01,5.45E-01,0.011328125
-1.86E-04,1.39E+00,5.25E-01,5.34E-01,0.009375
-1.85E-04,1.37E+00,5.17E-01,5.24E-01,0.006640625
-1.85E-04,1.33E+00,5.09E-01,5.13E-01,0.00390625
-1.84E-04,1.30E+00,5.00E-01,5.02E-01,0.001953125
-1.84E-04,1.26E+00,4.89E-01,4.89E-01,0.000390625
-1.83E-04,1.21E+00,4.76E-01,4.77E-01,0.00078125
-1.83E-04,1.18E+00,4.62E-01,4.64E-01,0.001953125
-1.82E-04,1.13E+00,4.48E-01,4.50E-01,0.001953125
-1.82E-04,1.10E+00,4.33E-01,4.36E-01,0.003125
-1.81E-04,1.05E+00,4.19E-01,4.22E-01,0.002734375
-1.81E-04,1.00E+00,4.07E-01,4.06E-01,0.00078125
-1.80E-04,9.51E-01,3.93E-01,3.91E-01,0.001953125
-1.80E-04,9.08E-01,3.79E-01,3.74E-01,0.005078125
-1.79E-04,8.50E-01,3.61E-01,3.58E-01,0.003515625
-1.79E-04,7.97E-01,3.44E-01,3.41E-01,0.002734375
-1.78E-04,7.52E-01,3.22E-01,3.25E-01,0.00234375
-1.78E-04,6.95E-01,3.02E-01,3.07E-01,0.0046875
-1.77E-04,6.41E-01,2.83E-01,2.91E-01,0.0078125
-1.77E-04,5.88E-01,2.65E-01,2.73E-01,0.008203125
-1.76E-04,5.33E-01,2.49E-01,2.55E-01,0.006640625
-1.76E-04,4.79E-01,2.32E-01,2.36E-01,0.003515625
-1.75E-04,4.22E-01,2.13E-01,2.18E-01,0.00546875
-1.75E-04,3.65E-01,1.96E-01,2.00E-01,0.003515625
-1.74E-04,3.05E-01,1.80E-01,1.80E-01,0.000390625
-1.74E-04,2.48E-01,1.66E-01,1.60E-01,0.00546875
-1.73E-04,1.88E-01,1.47E-01,1.39E-01,0.007421875
-1.73E-04,1.27E-01,1.32E-01,1.21E-01,0.0109375
-1.72E-04,6.45E-02,1.12E-01,1.01E-01,0.0109375
-1.72E-04,3.91E-03,9.57E-02,8.24E-02,0.01328125
-1.71E-04,-4.88E-02,7.50E-02,6.21E-02,0.012890625
-1.71E-04,-1.07E-01,5.43E-02,4.18E-02,0.0125
-1.70E-04,-1.66E-01,3.20E-02,2.11E-02,0.0109375
-1.70E-04,-2.27E-01,1.09E-02,1.95E-03,0.008984375
-1.69E-04,-2.89E-01,-7.42E-03,-1.80E-02,0.010546875
-1.69E-04,-3.54E-01,-2.58E-02,-3.63E-02,0.010546875
-1.68E-04,-4.12E-01,-4.38E-02,-5.55E-02,0.01171875
-1.68E-04,-4.71E-01,-6.17E-02,-7.66E-02,0.01484375
-1.67E-04,-5.37E-01,-8.24E-02,-9.69E-02,0.014453125
-1.67E-04,-5.94E-01,-1.02E-01,-1.16E-01,0.0140625
-1.66E-04,-6.56E-01,-1.18E-01,-1.36E-01,0.0171875
-1.66E-04,-7.07E-01,-1.38E-01,-1.55E-01,0.017578125
-1.65E-04,-7.68E-01,-1.56E-01,-1.73E-01,0.0171875
-1.65E-04,-8.28E-01,-1.76E-01,-1.93E-01,0.016796875
-1.64E-04,-8.89E-01,-1.94E-01,-2.13E-01,0.018359375
-1.64E-04,-9.45E-01,-2.16E-01,-2.32E-01,0.016015625
-1.63E-04,-1.00E+00,-2.36E-01,-2.52E-01,0.015625
-1.63E-04,-1.06E+00,-2.56E-01,-2.70E-01,0.013671875
-1.62E-04,-1.12E+00,-2.76E-01,-2.88E-01,0.012109375
-1.62E-04,-1.17E+00,-2.95E-01,-3.05E-01,0.0109375
-1.61E-04,-1.22E+00,-3.09E-01,-3.23E-01,0.0140625
-1.61E-04,-1.27E+00,-3.25E-01,-3.39E-01,0.0140625
-1.60E-04,-1.32E+00,-3.39E-01,-3.56E-01,0.016796875
-1.60E-04,-1.38E+00,-3.55E-01,-3.72E-01,0.017578125
-1.59E-04,-1.43E+00,-3.70E-01,-3.89E-01,0.01953125
-1.59E-04,-1.47E+00,-3.87E-01,-4.05E-01,0.018359375
-1.58E-04,-1.53E+00,-4.06E-01,-4.20E-01,0.014453125
-1.58E-04,-1.56E+00,-4.24E-01,-4.35E-01,0.0109375
-1.57E-04,-1.60E+00,-4.42E-01,-4.50E-01,0.0078125
-1.57E-04,-1.65E+00,-4.56E-01,-4.64E-01,0.0078125
-1.56E-04,-1.69E+00,-4.69E-01,-4.78E-01,0.008984375
-1.56E-04,-1.73E+00,-4.82E-01,-4.92E-01,0.01015625
-1.55E-04,-1.77E+00,-4.95E-01,-5.05E-01,0.009375
-1.55E-04,-1.81E+00,-5.06E-01,-5.16E-01,0.010546875
-1.54E-04,-1.84E+00,-5.17E-01,-5.29E-01,0.01171875
-1.54E-04,-1.88E+00,-5.24E-01,-5.39E-01,0.01484375
-1.53E-04,-1.91E+00,-5.30E-01,-5.50E-01,0.019140625
-1.53E-04,-1.94E+00,-5.39E-01,-5.59E-01,0.019921875
-1.52E-04,-1.96E+00,-5.47E-01,-5.69E-01,0.021484375
-1.52E-04,-1.99E+00,-5.58E-01,-5.77E-01,0.01953125
-1.51E-04,-2.02E+00,-5.66E-01,-5.86E-01,0.019921875
-1.51E-04,-2.04E+00,-5.78E-01,-5.94E-01,0.01640625
-1.50E-04,-2.07E+00,-5.88E-01,-6.01E-01,0.013671875
-1.50E-04,-2.08E+00,-5.95E-01,-6.08E-01,0.01328125
-1.49E-04,-2.10E+00,-6.02E-01,-6.15E-01,0.013671875
-1.49E-04,-2.12E+00,-6.12E-01,-6.20E-01,0.00859375
-1.48E-04,-2.14E+00,-6.17E-01,-6.25E-01,0.008203125
-1.48E-04,-2.15E+00,-6.21E-01,-6.30E-01,0.008984375
-1.47E-04,-2.16E+00,-6.25E-01,-6.34E-01,0.00859375
-1.47E-04,-2.17E+00,-6.26E-01,-6.37E-01,0.0109375
-1.46E-04,-2.18E+00,-6.27E-01,-6.39E-01,0.012109375
-1.46E-04,-2.19E+00,-6.25E-01,-6.41E-01,0.015625
-1.45E-04,-2.18E+00,-6.25E-01,-6.43E-01,0.0171875
-1.45E-04,-2.19E+00,-6.26E-01,-6.43E-01,0.01640625
-1.44E-04,-2.19E+00,-6.26E-01,-6.43E-01,0.017578125
-1.44E-04,-2.19E+00,-6.29E-01,-6.43E-01,0.014453125
-1.43E-04,-2.18E+00,-6.27E-01,-6.41E-01,0.014453125
-1.43E-04,-2.17E+00,-6.24E-01,-6.39E-01,0.01484375
-1.42E-04,-2.16E+00,-6.23E-01,-6.37E-01,0.0140625
-1.42E-04,-2.16E+00,-6.20E-01,-6.33E-01,0.012890625
-1.41E-04,-2.14E+00,-6.17E-01,-6.30E-01,0.0125
-1.41E-04,-2.13E+00,-6.14E-01,-6.25E-01,0.011328125
-1.40E-04,-2.12E+00,-6.11E-01,-6.20E-01,0.008984375
-1.40E-04,-2.10E+00,-6.06E-01,-6.14E-01,0.00859375
-1.39E-04,-2.08E+00,-5.99E-01,-6.08E-01,0.008984375
-1.39E-04,-2.05E+00,-5.92E-01,-6.01E-01,0.008984375
-1.38E-04,-2.04E+00,-5.85E-01,-5.93E-01,0.00859375
-1.38E-04,-2.01E+00,-5.78E-01,-5.86E-01,0.008203125
-1.37E-04,-1.98E+00,-5.70E-01,-5.77E-01,0.00703125
-1.37E-04,-1.95E+00,-5.64E-01,-5.68E-01,0.004296875
-1.36E-04,-1.93E+00,-5.57E-01,-5.59E-01,0.001953125
-1.36E-04,-1.89E+00,-5.50E-01,-5.49E-01,0.00078125
-1.35E-04,-1.86E+00,-5.41E-01,-5.38E-01,0.00234375
-1.35E-04,-1.83E+00,-5.30E-01,-5.28E-01,0.002734375
-1.34E-04,-1.79E+00,-5.21E-01,-5.16E-01,0.005859375
-1.34E-04,-1.75E+00,-5.11E-01,-5.04E-01,0.00703125
-1.33E-04,-1.71E+00,-4.98E-01,-4.91E-01,0.00703125
-1.33E-04,-1.67E+00,-4.84E-01,-4.77E-01,0.00703125
-1.32E-04,-1.63E+00,-4.70E-01,-4.64E-01,0.005859375
-1.32E-04,-1.59E+00,-4.56E-01,-4.49E-01,0.00703125
-1.31E-04,-1.55E+00,-4.41E-01,-4.34E-01,0.006640625
-1.31E-04,-1.50E+00,-4.27E-01,-4.19E-01,0.0078125
-1.30E-04,-1.46E+00,-4.11E-01,-4.04E-01,0.00703125
-1.30E-04,-1.41E+00,-3.95E-01,-3.88E-01,0.00703125
-1.29E-04,-1.36E+00,-3.77E-01,-3.71E-01,0.005859375
-1.29E-04,-1.31E+00,-3.61E-01,-3.55E-01,0.005859375
-1.28E-04,-1.25E+00,-3.45E-01,-3.38E-01,0.007421875
-1.28E-04,-1.20E+00,-3.27E-01,-3.22E-01,0.00546875
-1.27E-04,-1.15E+00,-3.12E-01,-3.04E-01,0.007421875
-1.27E-04,-1.09E+00,-2.94E-01,-2.86E-01,0.007421875
-1.26E-04,-1.03E+00,-2.78E-01,-2.69E-01,0.009375
-1.26E-04,-9.75E-01,-2.59E-01,-2.50E-01,0.00859375
-1.25E-04,-9.18E-01,-2.41E-01,-2.30E-01,0.01015625
-1.25E-04,-8.61E-01,-2.19E-01,-2.11E-01,0.00859375
-1.24E-04,-8.05E-01,-1.98E-01,-1.92E-01,0.006640625
-1.24E-04,-7.44E-01,-1.81E-01,-1.73E-01,0.008203125
-1.23E-04,-6.86E-01,-1.62E-01,-1.54E-01,0.007421875
-1.23E-04,-6.27E-01,-1.46E-01,-1.35E-01,0.011328125
-1.22E-04,-5.66E-01,-1.27E-01,-1.14E-01,0.0125
-1.22E-04,-5.02E-01,-1.08E-01,-9.53E-02,0.012890625
-1.21E-04,-4.49E-01,-8.75E-02,-7.46E-02,0.012890625
-1.21E-04,-3.87E-01,-6.68E-02,-5.47E-02,0.012109375
-1.20E-04,-3.26E-01,-4.73E-02,-3.59E-02,0.011328125
-1.20E-04,-2.64E-01,-2.93E-02,-1.76E-02,0.01171875
-1.19E-04,-1.93E-01,-1.21E-02,3.52E-03,0.015625
-1.19E-04,-1.43E-01,4.69E-03,2.30E-02,0.018359375
-1.18E-04,-8.01E-02,2.15E-02,4.34E-02,0.021875
-1.18E-04,-2.34E-02,4.18E-02,6.41E-02,0.022265625
-1.17E-04,3.13E-02,5.98E-02,8.36E-02,0.023828125
-1.17E-04,9.18E-02,8.13E-02,1.02E-01,0.02109375
-1.16E-04,1.52E-01,1.00E-01,1.22E-01,0.022265625
-1.16E-04,2.13E-01,1.21E-01,1.41E-01,0.020703125
-1.15E-04,2.71E-01,1.41E-01,1.62E-01,0.02109375
-1.15E-04,3.28E-01,1.61E-01,1.81E-01,0.019921875
-1.14E-04,3.91E-01,1.81E-01,2.00E-01,0.019140625
-1.14E-04,4.49E-01,2.02E-01,2.20E-01,0.017578125
-1.13E-04,5.00E-01,2.17E-01,2.38E-01,0.021484375
-1.13E-04,5.57E-01,2.33E-01,2.56E-01,0.023046875
-1.12E-04,6.07E-01,2.48E-01,2.74E-01,0.025390625
-1.12E-04,6.66E-01,2.65E-01,2.92E-01,0.0265625
-1.11E-04,7.17E-01,2.82E-01,3.08E-01,0.02578125
-1.11E-04,7.68E-01,2.98E-01,3.26E-01,0.027343751
-1.10E-04,8.20E-01,3.15E-01,3.43E-01,0.027734375
-1.10E-04,8.73E-01,3.34E-01,3.59E-01,0.025390625
-1.09E-04,9.22E-01,3.48E-01,3.75E-01,0.026953125
-1.09E-04,9.73E-01,3.66E-01,3.92E-01,0.026171875
-1.08E-04,1.02E+00,3.81E-01,4.07E-01,0.02578125
-1.08E-04,1.07E+00,3.98E-01,4.23E-01,0.025
-1.07E-04,1.11E+00,4.14E-01,4.38E-01,0.023828125
-1.07E-04,1.16E+00,4.28E-01,4.51E-01,0.02265625
-1.06E-04,1.19E+00,4.41E-01,4.64E-01,0.02265625
-1.06E-04,1.23E+00,4.54E-01,4.77E-01,0.02265625
-1.05E-04,1.27E+00,4.68E-01,4.89E-01,0.021484375
-1.05E-04,1.31E+00,4.79E-01,5.01E-01,0.021875
-1.04E-04,1.34E+00,4.91E-01,5.13E-01,0.021484375
-1.04E-04,1.38E+00,5.02E-01,5.24E-01,0.02265625
-1.03E-04,1.41E+00,5.12E-01,5.34E-01,0.02265625
-1.03E-04,1.44E+00,5.23E-01,5.45E-01,0.021875
-1.02E-04,1.47E+00,5.33E-01,5.54E-01,0.02109375
-1.02E-04,1.50E+00,5.43E-01,5.64E-01,0.02109375
-1.01E-04,1.52E+00,5.53E-01,5.73E-01,0.019921875
-1.01E-04,1.54E+00,5.61E-01,5.80E-01,0.01875
-1.00E-04,1.56E+00,5.69E-01,5.88E-01,0.019140625
-9.95E-05,1.58E+00,5.77E-01,5.95E-01,0.017578125
-9.90E-05,1.60E+00,5.83E-01,6.00E-01,0.016796875
-9.85E-05,1.62E+00,5.88E-01,6.06E-01,0.017578125
-9.80E-05,1.64E+00,5.91E-01,6.11E-01,0.01953125
-9.75E-05,1.65E+00,5.95E-01,6.15E-01,0.0203125
-9.70E-05,1.66E+00,5.98E-01,6.19E-01,0.02109375
-9.65E-05,1.67E+00,6.02E-01,6.22E-01,0.0203125
-9.60E-05,1.68E+00,6.02E-01,6.24E-01,0.021484375
-9.55E-05,1.68E+00,6.06E-01,6.27E-01,0.020703125
-9.50E-05,1.68E+00,6.09E-01,6.28E-01,0.019140625
-9.45E-05,1.69E+00,6.10E-01,6.28E-01,0.018359375
-9.40E-05,1.69E+00,6.13E-01,6.28E-01,0.015234375
-9.35E-05,1.68E+00,6.12E-01,6.27E-01,0.015234375
-9.30E-05,1.68E+00,6.11E-01,6.26E-01,0.01484375
-9.25E-05,1.67E+00,6.08E-01,6.24E-01,0.016015625
-9.20E-05,1.66E+00,6.05E-01,6.22E-01,0.01640625
-9.15E-05,1.65E+00,6.02E-01,6.19E-01,0.0171875
-9.10E-05,1.64E+00,5.97E-01,6.15E-01,0.01796875
-9.05E-05,1.63E+00,5.93E-01,6.10E-01,0.017578125
-9.00E-05,1.61E+00,5.88E-01,6.05E-01,0.016796875
-8.95E-05,1.60E+00,5.83E-01,6.01E-01,0.017578125
-8.90E-05,1.58E+00,5.78E-01,5.95E-01,0.01640625
-8.85E-05,1.55E+00,5.73E-01,5.88E-01,0.01484375
-8.80E-05,1.53E+00,5.64E-01,5.80E-01,0.01640625
-8.75E-05,1.51E+00,5.58E-01,5.72E-01,0.013671875
-8.70E-05,1.49E+00,5.50E-01,5.63E-01,0.01328125
-8.65E-05,1.46E+00,5.40E-01,5.55E-01,0.014453125
-8.60E-05,1.43E+00,5.32E-01,5.45E-01,0.012890625
-8.55E-05,1.40E+00,5.24E-01,5.34E-01,0.01015625
-8.50E-05,1.36E+00,5.15E-01,5.24E-01,0.00859375
-8.45E-05,1.33E+00,5.06E-01,5.13E-01,0.006640625
-8.40E-05,1.29E+00,4.95E-01,5.00E-01,0.005078125
-8.35E-05,1.26E+00,4.86E-01,4.89E-01,0.003515625
-8.30E-05,1.22E+00,4.74E-01,4.77E-01,0.002734375
-8.25E-05,1.18E+00,4.64E-01,4.64E-01,0.000390625
-8.20E-05,1.13E+00,4.49E-01,4.50E-01,0.001171875
-8.15E-05,1.09E+00,4.36E-01,4.36E-01,0
-8.10E-05,1.05E+00,4.20E-01,4.21E-01,0.001171875
-8.05E-05,1.00E+00,4.07E-01,4.06E-01,0.00078125
-8.00E-05,9.51E-01,3.88E-01,3.90E-01,0.00234375
-7.95E-05,9.02E-01,3.72E-01,3.74E-01,0.0015625
-7.90E-05,8.52E-01,3.56E-01,3.57E-01,0.0015625
-7.85E-05,7.97E-01,3.39E-01,3.41E-01,0.001953125
-7.80E-05,7.50E-01,3.23E-01,3.24E-01,0.00078125
-7.75E-05,6.91E-01,3.08E-01,3.08E-01,0.000390625
-7.70E-05,6.41E-01,2.93E-01,2.91E-01,0.00234375
-7.65E-05,5.86E-01,2.78E-01,2.73E-01,0.0046875
-7.60E-05,5.25E-01,2.60E-01,2.55E-01,0.005078125
-7.55E-05,4.79E-01,2.43E-01,2.36E-01,0.007421875
-7.50E-05,4.30E-01,2.23E-01,2.18E-01,0.00546875
-7.45E-05,3.63E-01,2.05E-01,2.00E-01,0.005859375
-7.40E-05,3.07E-01,1.88E-01,1.80E-01,0.008203125
-7.35E-05,2.42E-01,1.66E-01,1.60E-01,0.00625
-7.30E-05,1.89E-01,1.44E-01,1.40E-01,0.004296875
-7.25E-05,1.23E-01,1.26E-01,1.20E-01,0.005859375
-7.20E-05,6.25E-02,1.04E-01,1.00E-01,0.00390625
-7.15E-05,7.81E-03,8.52E-02,8.24E-02,0.002734375
-7.10E-05,-4.88E-02,6.48E-02,6.21E-02,0.002734375
-7.05E-05,-1.09E-01,4.38E-02,4.22E-02,0.0015625
-7.00E-05,-1.64E-01,2.58E-02,2.11E-02,0.0046875
-6.95E-05,-2.25E-01,5.08E-03,1.17E-03,0.00390625
-6.90E-05,-2.87E-01,-1.25E-02,-1.84E-02,0.005859375
-6.85E-05,-3.52E-01,-3.01E-02,-3.59E-02,0.005859375
-6.80E-05,-4.16E-01,-4.84E-02,-5.59E-02,0.007421875
-6.75E-05,-4.77E-01,-6.60E-02,-7.62E-02,0.01015625
-6.70E-05,-5.41E-01,-8.63E-02,-9.69E-02,0.010546875
-6.65E-05,-6.02E-01,-1.04E-01,-1.16E-01,0.012109375
-6.60E-05,-6.58E-01,-1.22E-01,-1.36E-01,0.013671875
-6.55E-05,-7.11E-01,-1.41E-01,-1.55E-01,0.013671875
-6.50E-05,-7.68E-01,-1.59E-01,-1.73E-01,0.014453125
-6.45E-05,-8.28E-01,-1.79E-01,-1.93E-01,0.0140625
-6.40E-05,-8.89E-01,-1.98E-01,-2.13E-01,0.014453125
-6.35E-05,-9.41E-01,-2.19E-01,-2.32E-01,0.013671875
-6.30E-05,-1.01E+00,-2.38E-01,-2.51E-01,0.012890625
-6.25E-05,-1.06E+00,-2.57E-01,-2.69E-01,0.012109375
-6.20E-05,-1.12E+00,-2.77E-01,-2.88E-01,0.0109375
-6.15E-05,-1.17E+00,-2.96E-01,-3.05E-01,0.009375
-6.10E-05,-1.22E+00,-3.14E-01,-3.23E-01,0.009765625
-6.05E-05,-1.28E+00,-3.30E-01,-3.40E-01,0.009765625
-6.00E-05,-1.33E+00,-3.47E-01,-3.56E-01,0.00859375
-5.95E-05,-1.38E+00,-3.62E-01,-3.72E-01,0.009765625
-5.90E-05,-1.43E+00,-3.76E-01,-3.89E-01,0.0125
-5.85E-05,-1.47E+00,-3.92E-01,-4.05E-01,0.01328125
-5.80E-05,-1.52E+00,-4.05E-01,-4.20E-01,0.014453125
-5.75E-05,-1.56E+00,-4.20E-01,-4.36E-01,0.015234375
-5.70E-05,-1.60E+00,-4.32E-01,-4.50E-01,0.0171875
-5.65E-05,-1.65E+00,-4.48E-01,-4.64E-01,0.016015625
-5.60E-05,-1.69E+00,-4.59E-01,-4.78E-01,0.01875
-5.55E-05,-1.73E+00,-4.72E-01,-4.92E-01,0.019921875
-5.50E-05,-1.77E+00,-4.85E-01,-5.05E-01,0.019921875
-5.45E-05,-1.80E+00,-4.97E-01,-5.17E-01,0.019921875
-5.40E-05,-1.84E+00,-5.10E-01,-5.29E-01,0.01875
-5.35E-05,-1.88E+00,-5.22E-01,-5.39E-01,0.0171875
-5.30E-05,-1.91E+00,-5.33E-01,-5.49E-01,0.01640625
-5.25E-05,-1.94E+00,-5.43E-01,-5.59E-01,0.016796875
-5.20E-05,-1.97E+00,-5.52E-01,-5.70E-01,0.0171875
-5.15E-05,-1.99E+00,-5.62E-01,-5.79E-01,0.016796875
-5.10E-05,-2.02E+00,-5.71E-01,-5.86E-01,0.01484375
-5.05E-05,-2.04E+00,-5.82E-01,-5.94E-01,0.0125
-5.00E-05,-2.07E+00,-5.87E-01,-6.01E-01,0.0140625
-4.95E-05,-2.09E+00,-5.96E-01,-6.09E-01,0.0125
-4.90E-05,-2.11E+00,-6.01E-01,-6.15E-01,0.0140625
-4.85E-05,-2.12E+00,-6.07E-01,-6.21E-01,0.013671875
-4.80E-05,-2.13E+00,-6.13E-01,-6.25E-01,0.012109375
-4.75E-05,-2.15E+00,-6.19E-01,-6.30E-01,0.01171875
-4.70E-05,-2.16E+00,-6.25E-01,-6.34E-01,0.009375
-4.65E-05,-2.17E+00,-6.27E-01,-6.37E-01,0.009765625
-4.60E-05,-2.18E+00,-6.34E-01,-6.39E-01,0.005859375
-4.55E-05,-2.18E+00,-6.36E-01,-6.42E-01,0.005859375
-4.50E-05,-2.18E+00,-6.39E-01,-6.43E-01,0.003515625
-4.45E-05,-2.19E+00,-6.40E-01,-6.43E-01,0.003125
-4.40E-05,-2.19E+00,-6.39E-01,-6.43E-01,0.00390625
-4.35E-05,-2.19E+00,-6.37E-01,-6.43E-01,0.005859375
-4.30E-05,-2.18E+00,-6.32E-01,-6.41E-01,0.008984375
-4.25E-05,-2.18E+00,-6.27E-01,-6.39E-01,0.012109375
-4.20E-05,-2.17E+00,-6.25E-01,-6.36E-01,0.0109375
-4.15E-05,-2.16E+00,-6.24E-01,-6.33E-01,0.008984375
-4.10E-05,-2.15E+00,-6.23E-01,-6.30E-01,0.00625
-4.05E-05,-2.13E+00,-6.22E-01,-6.25E-01,0.003125
-4.00E-05,-2.12E+00,-6.19E-01,-6.20E-01,0.001171875
-3.95E-05,-2.10E+00,-6.12E-01,-6.14E-01,0.001953125
-3.90E-05,-2.08E+00,-6.05E-01,-6.08E-01,0.00234375
-3.85E-05,-2.06E+00,-5.97E-01,-6.01E-01,0.00390625
-3.80E-05,-2.03E+00,-5.89E-01,-5.94E-01,0.004296875
-3.75E-05,-2.01E+00,-5.80E-01,-5.86E-01,0.005078125
-3.70E-05,-1.98E+00,-5.70E-01,-5.78E-01,0.008203125
-3.65E-05,-1.95E+00,-5.61E-01,-5.68E-01,0.00703125
-3.60E-05,-1.93E+00,-5.52E-01,-5.59E-01,0.006640625
-3.55E-05,-1.89E+00,-5.44E-01,-5.48E-01,0.0046875
-3.50E-05,-1.86E+00,-5.33E-01,-5.39E-01,0.00546875
-3.45E-05,-1.82E+00,-5.21E-01,-5.28E-01,0.006640625
-3.40E-05,-1.79E+00,-5.12E-01,-5.16E-01,0.004296875
-3.35E-05,-1.75E+00,-5.01E-01,-5.04E-01,0.00234375
-3.30E-05,-1.71E+00,-4.89E-01,-4.91E-01,0.001953125
-3.25E-05,-1.67E+00,-4.79E-01,-4.77E-01,0.001953125
-3.20E-05,-1.63E+00,-4.68E-01,-4.63E-01,0.004296875
-3.15E-05,-1.59E+00,-4.57E-01,-4.49E-01,0.008203125
-3.10E-05,-1.55E+00,-4.42E-01,-4.34E-01,0.008203125
-3.05E-05,-1.50E+00,-4.30E-01,-4.20E-01,0.01015625
-3.00E-05,-1.45E+00,-4.14E-01,-4.04E-01,0.009765625
-2.95E-05,-1.40E+00,-4.00E-01,-3.87E-01,0.012890625
-2.90E-05,-1.35E+00,-3.82E-01,-3.71E-01,0.011328125
-2.85E-05,-1.30E+00,-3.66E-01,-3.55E-01,0.01015625
-2.80E-05,-1.25E+00,-3.46E-01,-3.39E-01,0.0078125
-2.75E-05,-1.20E+00,-3.29E-01,-3.21E-01,0.007421875
-2.70E-05,-1.15E+00,-3.10E-01,-3.04E-01,0.006640625
-2.65E-05,-1.09E+00,-2.93E-01,-2.86E-01,0.00703125
-2.60E-05,-1.03E+00,-2.77E-01,-2.68E-01,0.008203125
-2.55E-05,-9.73E-01,-2.62E-01,-2.50E-01,0.011328125
-2.50E-05,-9.16E-01,-2.43E-01,-2.31E-01,0.0125
-2.45E-05,-8.61E-01,-2.27E-01,-2.11E-01,0.01640625
-2.40E-05,-7.99E-01,-2.07E-01,-1.92E-01,0.015234375
-2.35E-05,-7.44E-01,-1.91E-01,-1.73E-01,0.017578125
-2.30E-05,-6.82E-01,-1.70E-01,-1.54E-01,0.015625
-2.25E-05,-6.25E-01,-1.51E-01,-1.35E-01,0.016015625
-2.20E-05,-5.66E-01,-1.33E-01,-1.15E-01,0.01796875
-2.15E-05,-5.04E-01,-1.14E-01,-9.45E-02,0.01953125
-2.10E-05,-4.43E-01,-9.30E-02,-7.50E-02,0.01796875
-2.05E-05,-3.87E-01,-7.34E-02,-5.47E-02,0.01875
-2.00E-05,-3.26E-01,-5.35E-02,-3.55E-02,0.01796875
-1.95E-05,-2.62E-01,-3.52E-02,-1.76E-02,0.017578125
-1.90E-05,-1.99E-01,-1.72E-02,2.34E-03,0.01953125
-1.85E-05,-1.43E-01,3.91E-04,2.30E-02,0.02265625
-1.80E-05,-8.59E-02,1.84E-02,4.38E-02,0.025390625
-1.75E-05,-2.54E-02,3.83E-02,6.37E-02,0.025390625
-1.70E-05,2.93E-02,5.78E-02,8.32E-02,0.025390625
-1.65E-05,8.98E-02,7.77E-02,1.02E-01,0.02421875
-1.60E-05,1.52E-01,9.73E-02,1.22E-01,0.025
-1.55E-05,2.11E-01,1.17E-01,1.42E-01,0.025
-1.50E-05,2.77E-01,1.38E-01,1.62E-01,0.023828125
-1.45E-05,3.34E-01,1.59E-01,1.82E-01,0.0234375
-1.40E-05,3.87E-01,1.79E-01,2.01E-01,0.02265625
-1.35E-05,4.47E-01,1.98E-01,2.19E-01,0.02109375
-1.30E-05,5.00E-01,2.15E-01,2.38E-01,0.022265625
-1.25E-05,5.57E-01,2.32E-01,2.57E-01,0.025390625
-1.20E-05,6.07E-01,2.52E-01,2.75E-01,0.0234375
-1.15E-05,6.62E-01,2.69E-01,2.92E-01,0.0234375
-1.10E-05,7.19E-01,2.88E-01,3.09E-01,0.02109375
-1.05E-05,7.70E-01,3.04E-01,3.25E-01,0.02109375
-1.00E-05,8.24E-01,3.21E-01,3.43E-01,0.02109375
-9.50E-06,8.79E-01,3.39E-01,3.60E-01,0.021484375
-9.00E-06,9.28E-01,3.54E-01,3.75E-01,0.020703125
-8.50E-06,9.69E-01,3.70E-01,3.91E-01,0.021484375
-8.00E-06,1.02E+00,3.84E-01,4.07E-01,0.022265625
-7.50E-06,1.06E+00,3.99E-01,4.22E-01,0.02265625
-7.00E-06,1.11E+00,4.12E-01,4.37E-01,0.025
-6.50E-06,1.16E+00,4.25E-01,4.51E-01,0.026171875
-6.00E-06,1.20E+00,4.39E-01,4.65E-01,0.02578125
-5.50E-06,1.24E+00,4.52E-01,4.78E-01,0.025390625
-5.00E-06,1.28E+00,4.67E-01,4.89E-01,0.02265625
-4.50E-06,1.32E+00,4.78E-01,5.01E-01,0.0234375
-4.00E-06,1.34E+00,4.91E-01,5.13E-01,0.021875
-3.50E-06,1.38E+00,5.00E-01,5.25E-01,0.02421875
-3.00E-06,1.41E+00,5.11E-01,5.35E-01,0.02421875
-2.50E-06,1.44E+00,5.20E-01,5.45E-01,0.025390625
-2.00E-06,1.47E+00,5.27E-01,5.55E-01,0.02734375
-1.50E-06,1.49E+00,5.34E-01,5.64E-01,0.029296875
-1.00E-06,1.53E+00,5.41E-01,5.73E-01,0.03125
-5.00E-07,1.54E+00,5.50E-01,5.81E-01,0.031250001
0.00E+00,1.56E+00,5.58E-01,5.88E-01,0.030078126
5.00E-07,1.58E+00,5.66E-01,5.94E-01,0.027734376
1.00E-06,1.60E+00,5.73E-01,6.01E-01,0.027343751
1.50E-06,1.62E+00,5.81E-01,6.05E-01,0.02421875
2.00E-06,1.63E+00,5.88E-01,6.10E-01,0.02265625
2.50E-06,1.64E+00,5.91E-01,6.15E-01,0.023828125
3.00E-06,1.65E+00,5.97E-01,6.19E-01,0.022265625
3.50E-06,1.66E+00,6.00E-01,6.22E-01,0.021875
4.00E-06,1.67E+00,6.03E-01,6.25E-01,0.021484375
4.50E-06,1.68E+00,6.05E-01,6.26E-01,0.02109375
5.00E-06,1.68E+00,6.09E-01,6.28E-01,0.019140625
5.50E-06,1.68E+00,6.10E-01,6.27E-01,0.0171875
6.00E-06,1.68E+00,6.11E-01,6.27E-01,0.016796875
6.50E-06,1.68E+00,6.10E-01,6.27E-01,0.016796875
7.00E-06,1.68E+00,6.09E-01,6.25E-01,0.01640625
7.50E-06,1.67E+00,6.06E-01,6.24E-01,0.01796875
8.00E-06,1.67E+00,6.02E-01,6.22E-01,0.0203125
8.50E-06,1.66E+00,6.02E-01,6.19E-01,0.0171875
9.00E-06,1.64E+00,5.97E-01,6.16E-01,0.018359375
9.50E-06,1.63E+00,5.94E-01,6.11E-01,0.01640625
1.00E-05,1.62E+00,5.89E-01,6.06E-01,0.016796875
1.05E-05,1.60E+00,5.86E-01,6.00E-01,0.014453125
1.10E-05,1.58E+00,5.80E-01,5.95E-01,0.014453125
1.15E-05,1.56E+00,5.76E-01,5.88E-01,0.01171875
1.20E-05,1.53E+00,5.70E-01,5.80E-01,0.0109375
1.25E-05,1.52E+00,5.63E-01,5.73E-01,0.01015625
1.30E-05,1.49E+00,5.54E-01,5.64E-01,0.009375
1.35E-05,1.46E+00,5.46E-01,5.55E-01,0.008984375
1.40E-05,1.43E+00,5.35E-01,5.45E-01,0.01015625
1.45E-05,1.40E+00,5.26E-01,5.35E-01,0.00859375
1.50E-05,1.37E+00,5.17E-01,5.24E-01,0.00703125
1.55E-05,1.33E+00,5.05E-01,5.13E-01,0.007421875
1.60E-05,1.29E+00,4.93E-01,5.01E-01,0.008203125
1.65E-05,1.26E+00,4.81E-01,4.89E-01,0.007421875
1.70E-05,1.22E+00,4.69E-01,4.77E-01,0.008203125
1.75E-05,1.18E+00,4.55E-01,4.65E-01,0.01015625
1.80E-05,1.14E+00,4.39E-01,4.50E-01,0.010546875
1.85E-05,1.09E+00,4.30E-01,4.36E-01,0.00625
1.90E-05,1.04E+00,4.15E-01,4.22E-01,0.00703125
1.95E-05,1.00E+00,4.01E-01,4.06E-01,0.005078125
2.00E-05,9.53E-01,3.86E-01,3.91E-01,0.005078125
2.05E-05,9.04E-01,3.73E-01,3.74E-01,0.0015625
2.10E-05,8.48E-01,3.56E-01,3.58E-01,0.0015625
2.15E-05,7.97E-01,3.41E-01,3.41E-01,0.00078125
2.20E-05,7.46E-01,3.25E-01,3.25E-01,0
2.25E-05,6.99E-01,3.07E-01,3.07E-01,0.000390625
2.30E-05,6.41E-01,2.91E-01,2.91E-01,0.000390625
2.35E-05,5.86E-01,2.75E-01,2.73E-01,0.0015625
2.40E-05,5.29E-01,2.57E-01,2.55E-01,0.0015625
2.45E-05,4.79E-01,2.39E-01,2.36E-01,0.00234375
2.50E-05,4.26E-01,2.19E-01,2.18E-01,0.0015625
2.55E-05,3.61E-01,2.01E-01,2.00E-01,0.001171875
2.60E-05,3.13E-01,1.79E-01,1.80E-01,0.000390625
2.65E-05,2.44E-01,1.61E-01,1.60E-01,0.00078125
2.70E-05,1.86E-01,1.40E-01,1.41E-01,0.00078125
2.75E-05,1.21E-01,1.21E-01,1.21E-01,0.00078125
2.80E-05,6.45E-02,1.02E-01,1.01E-01,0.0015625
2.85E-05,7.81E-03,8.40E-02,8.20E-02,0.001953125
2.90E-05,-5.08E-02,6.68E-02,6.29E-02,0.00390625
2.95E-05,-1.11E-01,4.77E-02,4.26E-02,0.005078125
3.00E-05,-1.66E-01,2.89E-02,2.19E-02,0.00703125
3.05E-05,-2.30E-01,8.59E-03,1.56E-03,0.00703125
3.10E-05,-2.89E-01,-9.77E-03,-1.80E-02,0.008203125
3.15E-05,-3.52E-01,-2.93E-02,-3.63E-02,0.00703125
3.20E-05,-4.14E-01,-4.84E-02,-5.59E-02,0.007421875
3.25E-05,-4.71E-01,-6.72E-02,-7.62E-02,0.008984375
3.30E-05,-5.39E-01,-8.52E-02,-9.61E-02,0.0109375
3.35E-05,-5.94E-01,-1.04E-01,-1.16E-01,0.012109375
3.40E-05,-6.56E-01,-1.20E-01,-1.36E-01,0.016015625
3.45E-05,-7.09E-01,-1.41E-01,-1.55E-01,0.014453125
3.50E-05,-7.64E-01,-1.57E-01,-1.74E-01,0.01640625
3.55E-05,-8.32E-01,-1.77E-01,-1.93E-01,0.016796875
3.60E-05,-8.93E-01,-1.98E-01,-2.13E-01,0.014453125
3.65E-05,-9.38E-01,-2.20E-01,-2.32E-01,0.012109375
3.70E-05,-9.96E-01,-2.40E-01,-2.52E-01,0.011328125
3.75E-05,-1.06E+00,-2.61E-01,-2.69E-01,0.0078125
3.80E-05,-1.12E+00,-2.79E-01,-2.88E-01,0.00859375
3.85E-05,-1.18E+00,-2.97E-01,-3.05E-01,0.00859375
3.90E-05,-1.23E+00,-3.13E-01,-3.23E-01,0.01015625
3.95E-05,-1.28E+00,-3.30E-01,-3.39E-01,0.009375
4.00E-05,-1.33E+00,-3.44E-01,-3.57E-01,0.012890625
4.05E-05,-1.38E+00,-3.61E-01,-3.72E-01,0.011328125
4.10E-05,-1.43E+00,-3.75E-01,-3.88E-01,0.013671875
4.15E-05,-1.47E+00,-3.92E-01,-4.05E-01,0.01328125
4.20E-05,-1.52E+00,-4.06E-01,-4.20E-01,0.013671875
4.25E-05,-1.56E+00,-4.22E-01,-4.36E-01,0.013671875
4.30E-05,-1.61E+00,-4.36E-01,-4.50E-01,0.014453125
4.35E-05,-1.65E+00,-4.50E-01,-4.64E-01,0.0140625
4.40E-05,-1.69E+00,-4.63E-01,-4.79E-01,0.015625
4.45E-05,-1.73E+00,-4.78E-01,-4.92E-01,0.0140625
4.50E-05,-1.77E+00,-4.92E-01,-5.05E-01,0.012890625
4.55E-05,-1.80E+00,-5.05E-01,-5.17E-01,0.01171875
4.60E-05,-1.84E+00,-5.18E-01,-5.29E-01,0.010546875
4.65E-05,-1.87E+00,-5.31E-01,-5.39E-01,0.0078125
4.70E-05,-1.91E+00,-5.40E-01,-5.49E-01,0.00859375
4.75E-05,-1.94E+00,-5.52E-01,-5.59E-01,0.007421875
4.80E-05,-1.96E+00,-5.60E-01,-5.68E-01,0.008203125
4.85E-05,-2.00E+00,-5.70E-01,-5.78E-01,0.00859375
4.90E-05,-2.02E+00,-5.76E-01,-5.86E-01,0.01015625
4.95E-05,-2.04E+00,-5.86E-01,-5.94E-01,0.0078125
5.00E-05,-2.06E+00,-5.91E-01,-6.01E-01,0.009375
5.05E-05,-2.09E+00,-5.96E-01,-6.08E-01,0.0125
5.10E-05,-2.11E+00,-5.98E-01,-6.15E-01,0.016796875
5.15E-05,-2.12E+00,-6.04E-01,-6.20E-01,0.016015625
5.20E-05,-2.14E+00,-6.09E-01,-6.25E-01,0.01640625
5.25E-05,-2.15E+00,-6.16E-01,-6.30E-01,0.01328125
5.30E-05,-2.16E+00,-6.21E-01,-6.34E-01,0.012890625
5.35E-05,-2.17E+00,-6.25E-01,-6.37E-01,0.01171875
5.40E-05,-2.18E+00,-6.30E-01,-6.39E-01,0.009375
5.45E-05,-2.18E+00,-6.33E-01,-6.41E-01,0.0078125
5.50E-05,-2.19E+00,-6.33E-01,-6.43E-01,0.009375
5.55E-05,-2.19E+00,-6.36E-01,-6.43E-01,0.006640625
5.60E-05,-2.19E+00,-6.36E-01,-6.43E-01,0.006640625
5.65E-05,-2.19E+00,-6.36E-01,-6.42E-01,0.006640625
5.70E-05,-2.18E+00,-6.34E-01,-6.41E-01,0.007421875
5.75E-05,-2.18E+00,-6.33E-01,-6.39E-01,0.00625
5.80E-05,-2.16E+00,-6.29E-01,-6.37E-01,0.008203125
5.85E-05,-2.15E+00,-6.27E-01,-6.33E-01,0.00625
5.90E-05,-2.15E+00,-6.23E-01,-6.29E-01,0.005859375
5.95E-05,-2.13E+00,-6.20E-01,-6.25E-01,0.005078125
6.00E-05,-2.11E+00,-6.13E-01,-6.20E-01,0.00625
6.05E-05,-2.10E+00,-6.07E-01,-6.14E-01,0.00703125
6.10E-05,-2.08E+00,-6.02E-01,-6.07E-01,0.005078125
6.15E-05,-2.06E+00,-5.96E-01,-6.00E-01,0.003515625
6.20E-05,-2.03E+00,-5.88E-01,-5.93E-01,0.005078125
6.25E-05,-2.01E+00,-5.82E-01,-5.86E-01,0.003515625
6.30E-05,-1.98E+00,-5.73E-01,-5.77E-01,0.0046875
6.35E-05,-1.95E+00,-5.64E-01,-5.69E-01,0.004296875
6.40E-05,-1.92E+00,-5.56E-01,-5.59E-01,0.003125
6.45E-05,-1.89E+00,-5.48E-01,-5.48E-01,0.000390625
6.50E-05,-1.86E+00,-5.39E-01,-5.38E-01,0.001171875
6.55E-05,-1.83E+00,-5.29E-01,-5.27E-01,0.001171875
6.60E-05,-1.79E+00,-5.19E-01,-5.16E-01,0.003125
6.65E-05,-1.75E+00,-5.08E-01,-5.04E-01,0.00390625
6.70E-05,-1.71E+00,-4.96E-01,-4.91E-01,0.0046875
6.75E-05,-1.67E+00,-4.85E-01,-4.77E-01,0.007421875
6.80E-05,-1.63E+00,-4.72E-01,-4.63E-01,0.008984375
6.85E-05,-1.59E+00,-4.57E-01,-4.49E-01,0.0078125
6.90E-05,-1.55E+00,-4.43E-01,-4.34E-01,0.008984375
6.95E-05,-1.50E+00,-4.31E-01,-4.19E-01,0.01171875
7.00E-05,-1.46E+00,-4.16E-01,-4.04E-01,0.012109375
7.05E-05,-1.41E+00,-4.00E-01,-3.87E-01,0.0125
7.10E-05,-1.36E+00,-3.83E-01,-3.71E-01,0.012109375
7.15E-05,-1.31E+00,-3.66E-01,-3.55E-01,0.011328125
7.20E-05,-1.25E+00,-3.48E-01,-3.39E-01,0.009375
7.25E-05,-1.20E+00,-3.30E-01,-3.23E-01,0.00703125
7.30E-05,-1.15E+00,-3.13E-01,-3.04E-01,0.008984375
7.35E-05,-1.09E+00,-2.97E-01,-2.86E-01,0.011328125
7.40E-05,-1.03E+00,-2.82E-01,-2.68E-01,0.013671875
7.45E-05,-9.79E-01,-2.65E-01,-2.50E-01,0.015234375
7.50E-05,-9.20E-01,-2.49E-01,-2.30E-01,0.018359375
7.55E-05,-8.61E-01,-2.31E-01,-2.11E-01,0.01953125
7.60E-05,-7.99E-01,-2.10E-01,-1.91E-01,0.01875
7.65E-05,-7.48E-01,-1.89E-01,-1.72E-01,0.016796875
7.70E-05,-6.88E-01,-1.68E-01,-1.53E-01,0.01484375
7.75E-05,-6.33E-01,-1.48E-01,-1.34E-01,0.013671875
7.80E-05,-5.70E-01,-1.28E-01,-1.15E-01,0.0125
7.85E-05,-5.08E-01,-1.09E-01,-9.49E-02,0.013671875
7.90E-05,-4.47E-01,-8.83E-02,-7.42E-02,0.0140625
7.95E-05,-3.89E-01,-6.80E-02,-5.43E-02,0.013671875
8.00E-05,-3.22E-01,-4.84E-02,-3.55E-02,0.012890625
8.05E-05,-2.58E-01,-3.01E-02,-1.68E-02,0.01328125
8.10E-05,-1.97E-01,-1.13E-02,3.13E-03,0.014453125
8.15E-05,-1.45E-01,7.81E-03,2.34E-02,0.015625
8.20E-05,-8.40E-02,2.62E-02,4.38E-02,0.017578125
8.25E-05,-2.73E-02,4.53E-02,6.41E-02,0.01875
8.30E-05,2.93E-02,6.41E-02,8.32E-02,0.019140625
8.35E-05,9.38E-02,8.20E-02,1.02E-01,0.0203125
8.40E-05,1.52E-01,9.84E-02,1.21E-01,0.023046875
8.45E-05,2.07E-01,1.16E-01,1.41E-01,0.025
8.50E-05,2.73E-01,1.34E-01,1.62E-01,0.027734375
8.55E-05,3.34E-01,1.52E-01,1.82E-01,0.0296875
8.60E-05,3.89E-01,1.70E-01,2.02E-01,0.031250001
8.65E-05,4.47E-01,1.88E-01,2.20E-01,0.032031251
8.70E-05,5.00E-01,2.07E-01,2.38E-01,0.030859375
8.75E-05,5.55E-01,2.26E-01,2.56E-01,0.03046875
8.80E-05,6.07E-01,2.45E-01,2.74E-01,0.02890625
8.85E-05,6.62E-01,2.64E-01,2.92E-01,0.028125001
8.90E-05,7.13E-01,2.82E-01,3.09E-01,0.0265625
8.95E-05,7.66E-01,3.00E-01,3.26E-01,0.02578125
9.00E-05,8.20E-01,3.16E-01,3.43E-01,0.026171875
9.05E-05,8.75E-01,3.33E-01,3.59E-01,0.025390625
9.10E-05,9.32E-01,3.48E-01,3.75E-01,0.02734375
9.15E-05,9.75E-01,3.63E-01,3.92E-01,0.028515625
9.20E-05,1.02E+00,3.75E-01,4.07E-01,0.032031251
9.25E-05,1.07E+00,3.91E-01,4.22E-01,0.031250001
9.30E-05,1.11E+00,4.06E-01,4.38E-01,0.031640626
9.35E-05,1.16E+00,4.22E-01,4.50E-01,0.028515625
9.40E-05,1.20E+00,4.35E-01,4.65E-01,0.030078125
9.45E-05,1.23E+00,4.50E-01,4.78E-01,0.027734375
9.50E-05,1.27E+00,4.63E-01,4.90E-01,0.0265625
9.55E-05,1.31E+00,4.75E-01,5.02E-01,0.026171875
9.60E-05,1.35E+00,4.87E-01,5.13E-01,0.02578125
9.65E-05,1.38E+00,4.98E-01,5.24E-01,0.0265625
9.70E-05,1.41E+00,5.07E-01,5.35E-01,0.02734375
9.75E-05,1.44E+00,5.20E-01,5.46E-01,0.026171875
9.80E-05,1.47E+00,5.29E-01,5.55E-01,0.026171875
9.85E-05,1.49E+00,5.38E-01,5.64E-01,0.026171875
9.90E-05,1.52E+00,5.47E-01,5.73E-01,0.026171875
9.95E-05,1.54E+00,5.55E-01,5.80E-01,0.025
1.00E-04,1.57E+00,5.64E-01,5.88E-01,0.024609375
1.01E-04,1.58E+00,5.69E-01,5.95E-01,0.02578125
1.01E-04,1.60E+00,5.77E-01,6.01E-01,0.023828125
1.02E-04,1.61E+00,5.86E-01,6.06E-01,0.0203125
1.02E-04,1.63E+00,5.88E-01,6.10E-01,0.021875
1.03E-04,1.65E+00,5.93E-01,6.14E-01,0.021484375
1.03E-04,1.66E+00,5.97E-01,6.19E-01,0.021875
1.04E-04,1.67E+00,6.01E-01,6.22E-01,0.02109375
1.04E-04,1.67E+00,6.02E-01,6.24E-01,0.021484375
1.05E-04,1.68E+00,6.05E-01,6.26E-01,0.020703125
1.05E-04,1.68E+00,6.07E-01,6.27E-01,0.0203125
1.06E-04,1.68E+00,6.09E-01,6.27E-01,0.018359375
1.06E-04,1.68E+00,6.09E-01,6.28E-01,0.01953125
1.07E-04,1.68E+00,6.09E-01,6.26E-01,0.016796875
1.07E-04,1.67E+00,6.09E-01,6.26E-01,0.0171875
1.08E-04,1.67E+00,6.07E-01,6.23E-01,0.01640625
1.08E-04,1.67E+00,6.04E-01,6.21E-01,0.016796875
1.09E-04,1.65E+00,6.01E-01,6.19E-01,0.017578125
1.09E-04,1.64E+00,5.95E-01,6.16E-01,0.0203125
1.10E-04,1.63E+00,5.91E-01,6.11E-01,0.019140625
1.10E-04,1.61E+00,5.87E-01,6.05E-01,0.01875
1.11E-04,1.60E+00,5.83E-01,6.00E-01,0.017578125
1.11E-04,1.58E+00,5.78E-01,5.95E-01,0.016796875
1.12E-04,1.56E+00,5.71E-01,5.88E-01,0.016796875
1.12E-04,1.54E+00,5.67E-01,5.81E-01,0.0140625
1.13E-04,1.51E+00,5.59E-01,5.72E-01,0.01328125
1.13E-04,1.48E+00,5.48E-01,5.64E-01,0.015625
1.14E-04,1.46E+00,5.37E-01,5.54E-01,0.0171875
1.14E-04,1.43E+00,5.25E-01,5.45E-01,0.019921875
1.15E-04,1.40E+00,5.14E-01,5.34E-01,0.01953125
1.15E-04,1.37E+00,5.04E-01,5.24E-01,0.020703125
1.16E-04,1.33E+00,4.93E-01,5.13E-01,0.01953125
1.16E-04,1.29E+00,4.85E-01,5.01E-01,0.016015625
1.17E-04,1.26E+00,4.76E-01,4.89E-01,0.012890625
1.17E-04,1.22E+00,4.63E-01,4.77E-01,0.0140625
1.18E-04,1.18E+00,4.54E-01,4.64E-01,0.009765625
1.18E-04,1.14E+00,4.42E-01,4.50E-01,0.00859375
1.19E-04,1.09E+00,4.31E-01,4.37E-01,0.00546875
1.19E-04,1.05E+00,4.16E-01,4.21E-01,0.00546875
1.20E-04,1.00E+00,4.03E-01,4.05E-01,0.002734375
1.20E-04,9.47E-01,3.87E-01,3.90E-01,0.002734375
1.21E-04,9.04E-01,3.71E-01,3.74E-01,0.00234375
1.21E-04,8.52E-01,3.56E-01,3.58E-01,0.0015625
1.22E-04,7.97E-01,3.38E-01,3.41E-01,0.002734375
1.22E-04,7.44E-01,3.21E-01,3.25E-01,0.003515625
1.23E-04,6.91E-01,3.04E-01,3.07E-01,0.003125
1.23E-04,6.43E-01,2.89E-01,2.91E-01,0.0015625
1.24E-04,5.82E-01,2.73E-01,2.73E-01,0
1.24E-04,5.31E-01,2.57E-01,2.55E-01,0.001171875
1.25E-04,4.75E-01,2.38E-01,2.37E-01,0.0015625
1.25E-04,4.22E-01,2.20E-01,2.18E-01,0.00234375
1.26E-04,3.61E-01,2.01E-01,1.99E-01,0.0015625
1.26E-04,3.09E-01,1.82E-01,1.80E-01,0.00234375
1.27E-04,2.46E-01,1.61E-01,1.61E-01,0.000390625
1.27E-04,1.86E-01,1.41E-01,1.41E-01,0.000390625
1.28E-04,1.21E-01,1.21E-01,1.21E-01,0.000390625
1.28E-04,6.45E-02,1.04E-01,1.01E-01,0.00234375
1.29E-04,1.95E-03,8.44E-02,8.20E-02,0.00234375
1.29E-04,-5.08E-02,6.56E-02,6.13E-02,0.004296875
1.30E-04,-1.04E-01,4.69E-02,4.22E-02,0.0046875
1.30E-04,-1.68E-01,2.81E-02,2.15E-02,0.006640625
1.31E-04,-2.29E-01,9.38E-03,1.56E-03,0.0078125
1.31E-04,-2.91E-01,-8.98E-03,-1.80E-02,0.008984375
1.32E-04,-3.54E-01,-2.73E-02,-3.63E-02,0.008984375
1.32E-04,-4.12E-01,-4.69E-02,-5.63E-02,0.009375
1.33E-04,-4.69E-01,-6.68E-02,-7.54E-02,0.00859375
1.33E-04,-5.35E-01,-8.87E-02,-9.61E-02,0.007421875
1.34E-04,-6.00E-01,-1.09E-01,-1.16E-01,0.006640625
1.34E-04,-6.54E-01,-1.30E-01,-1.36E-01,0.006640625
1.35E-04,-7.13E-01,-1.49E-01,-1.56E-01,0.00703125
1.35E-04,-7.68E-01,-1.68E-01,-1.75E-01,0.00703125
1.36E-04,-8.26E-01,-1.87E-01,-1.93E-01,0.006640625
1.36E-04,-8.89E-01,-2.04E-01,-2.13E-01,0.00859375
1.37E-04,-9.45E-01,-2.22E-01,-2.32E-01,0.010546875
1.37E-04,-1.00E+00,-2.40E-01,-2.51E-01,0.0109375
1.38E-04,-1.06E+00,-2.59E-01,-2.70E-01,0.0109375
1.38E-04,-1.12E+00,-2.76E-01,-2.88E-01,0.011328125
1.39E-04,-1.17E+00,-2.94E-01,-3.05E-01,0.01171875
1.39E-04,-1.23E+00,-3.10E-01,-3.23E-01,0.013671875
1.40E-04,-1.28E+00,-3.29E-01,-3.39E-01,0.01015625
1.40E-04,-1.33E+00,-3.45E-01,-3.56E-01,0.01171875
1.41E-04,-1.38E+00,-3.63E-01,-3.72E-01,0.009375
1.41E-04,-1.43E+00,-3.79E-01,-3.89E-01,0.010546875
1.42E-04,-1.47E+00,-3.95E-01,-4.05E-01,0.009765625
1.42E-04,-1.52E+00,-4.12E-01,-4.20E-01,0.008203125
1.43E-04,-1.57E+00,-4.27E-01,-4.35E-01,0.008203125
1.43E-04,-1.61E+00,-4.41E-01,-4.50E-01,0.009375
1.44E-04,-1.65E+00,-4.55E-01,-4.64E-01,0.009765625
1.44E-04,-1.69E+00,-4.68E-01,-4.79E-01,0.01015625
1.45E-04,-1.73E+00,-4.80E-01,-4.91E-01,0.011328125
1.45E-04,-1.77E+00,-4.92E-01,-5.04E-01,0.012109375
1.46E-04,-1.81E+00,-5.03E-01,-5.17E-01,0.0140625
1.46E-04,-1.84E+00,-5.14E-01,-5.29E-01,0.01484375
1.47E-04,-1.88E+00,-5.24E-01,-5.39E-01,0.015234375
1.47E-04,-1.91E+00,-5.36E-01,-5.50E-01,0.013671875
1.48E-04,-1.94E+00,-5.45E-01,-5.59E-01,0.0140625
1.48E-04,-1.96E+00,-5.55E-01,-5.69E-01,0.014453125
1.49E-04,-2.00E+00,-5.63E-01,-5.78E-01,0.014453125
1.49E-04,-2.02E+00,-5.71E-01,-5.87E-01,0.016015625
1.50E-04,-2.04E+00,-5.80E-01,-5.95E-01,0.01484375
1.50E-04,-2.06E+00,-5.86E-01,-6.01E-01,0.015234375
1.51E-04,-2.08E+00,-5.92E-01,-6.08E-01,0.01640625
1.51E-04,-2.10E+00,-6.02E-01,-6.14E-01,0.012890625
1.52E-04,-2.13E+00,-6.08E-01,-6.21E-01,0.0125
1.52E-04,-2.14E+00,-6.16E-01,-6.25E-01,0.009375
1.53E-04,-2.15E+00,-6.23E-01,-6.30E-01,0.007421875
1.53E-04,-2.16E+00,-6.27E-01,-6.34E-01,0.00703125
1.54E-04,-2.17E+00,-6.31E-01,-6.36E-01,0.005078125
1.54E-04,-2.18E+00,-6.32E-01,-6.39E-01,0.00703125
1.55E-04,-2.19E+00,-6.34E-01,-6.41E-01,0.007421875
1.55E-04,-2.19E+00,-6.34E-01,-6.43E-01,0.008984375
1.56E-04,-2.19E+00,-6.33E-01,-6.43E-01,0.010546875
1.56E-04,-2.19E+00,-6.33E-01,-6.43E-01,0.01015625
1.57E-04,-2.19E+00,-6.33E-01,-6.42E-01,0.008984375
1.57E-04,-2.18E+00,-6.32E-01,-6.41E-01,0.008984375
1.58E-04,-2.17E+00,-6.32E-01,-6.39E-01,0.00703125
1.58E-04,-2.17E+00,-6.33E-01,-6.37E-01,0.00390625
1.59E-04,-2.16E+00,-6.32E-01,-6.34E-01,0.001953125
1.59E-04,-2.14E+00,-6.29E-01,-6.29E-01,0.000390625
1.60E-04,-2.13E+00,-6.26E-01,-6.25E-01,0.00078125
1.60E-04,-2.12E+00,-6.21E-01,-6.21E-01,0
1.61E-04,-2.10E+00,-6.16E-01,-6.14E-01,0.001171875
1.61E-04,-2.08E+00,-6.07E-01,-6.08E-01,0.000390625
1.62E-04,-2.06E+00,-6.00E-01,-6.01E-01,0.00078125
1.62E-04,-2.04E+00,-5.93E-01,-5.94E-01,0.00078125
1.63E-04,-2.01E+00,-5.84E-01,-5.86E-01,0.001953125
1.63E-04,-1.98E+00,-5.77E-01,-5.78E-01,0.00078125
1.64E-04,-1.95E+00,-5.67E-01,-5.68E-01,0.001171875
1.64E-04,-1.93E+00,-5.57E-01,-5.59E-01,0.00234375
1.65E-04,-1.90E+00,-5.48E-01,-5.49E-01,0.00078125
1.65E-04,-1.86E+00,-5.39E-01,-5.38E-01,0.00078125
1.66E-04,-1.83E+00,-5.27E-01,-5.27E-01,0
1.66E-04,-1.79E+00,-5.18E-01,-5.16E-01,0.001953125
1.67E-04,-1.75E+00,-5.07E-01,-5.04E-01,0.00390625
1.67E-04,-1.71E+00,-4.95E-01,-4.91E-01,0.004296875
1.68E-04,-1.68E+00,-4.80E-01,-4.78E-01,0.00234375
1.68E-04,-1.63E+00,-4.70E-01,-4.63E-01,0.00625
1.69E-04,-1.59E+00,-4.55E-01,-4.48E-01,0.00703125
1.69E-04,-1.55E+00,-4.41E-01,-4.34E-01,0.00703125
1.70E-04,-1.50E+00,-4.27E-01,-4.19E-01,0.0078125
1.70E-04,-1.45E+00,-4.11E-01,-4.04E-01,0.0078125
1.71E-04,-1.41E+00,-3.98E-01,-3.88E-01,0.009765625
1.71E-04,-1.36E+00,-3.82E-01,-3.71E-01,0.010546875
1.72E-04,-1.31E+00,-3.67E-01,-3.55E-01,0.01171875
1.72E-04,-1.25E+00,-3.50E-01,-3.39E-01,0.0109375
1.73E-04,-1.21E+00,-3.34E-01,-3.22E-01,0.011328125
1.73E-04,-1.15E+00,-3.18E-01,-3.05E-01,0.01328125
1.74E-04,-1.10E+00,-3.01E-01,-2.87E-01,0.0140625
1.74E-04,-1.04E+00,-2.82E-01,-2.68E-01,0.014453125
1.75E-04,-9.75E-01,-2.65E-01,-2.50E-01,0.015234375
1.75E-04,-9.16E-01,-2.46E-01,-2.30E-01,0.016015625
1.76E-04,-8.61E-01,-2.27E-01,-2.11E-01,0.01640625
1.76E-04,-8.03E-01,-2.08E-01,-1.92E-01,0.016015625
1.77E-04,-7.44E-01,-1.88E-01,-1.73E-01,0.015234375
1.77E-04,-6.86E-01,-1.68E-01,-1.54E-01,0.014453125
1.78E-04,-6.31E-01,-1.51E-01,-1.35E-01,0.01640625
1.78E-04,-5.74E-01,-1.30E-01,-1.14E-01,0.016015625
1.79E-04,-5.12E-01,-1.13E-01,-9.45E-02,0.01796875
1.79E-04,-4.47E-01,-9.26E-02,-7.46E-02,0.01796875
1.80E-04,-3.87E-01,-7.38E-02,-5.47E-02,0.019140625
1.80E-04,-3.22E-01,-5.47E-02,-3.48E-02,0.019921875
1.81E-04,-2.62E-01,-3.67E-02,-1.68E-02,0.019921875
1.81E-04,-1.97E-01,-1.72E-02,3.13E-03,0.0203125
1.82E-04,-1.41E-01,7.81E-04,2.34E-02,0.02265625
1.82E-04,-8.40E-02,1.99E-02,4.34E-02,0.0234375
1.83E-04,-2.73E-02,4.10E-02,6.29E-02,0.021875
1.83E-04,3.32E-02,6.09E-02,8.40E-02,0.023046875
1.84E-04,9.18E-02,8.05E-02,1.03E-01,0.022265625
1.84E-04,1.54E-01,9.65E-02,1.22E-01,0.025390625
1.85E-04,2.13E-01,1.14E-01,1.42E-01,0.028515625
1.85E-04,2.75E-01,1.34E-01,1.61E-01,0.02734375
1.86E-04,3.32E-01,1.53E-01,1.81E-01,0.027734375
1.86E-04,3.93E-01,1.73E-01,2.02E-01,0.028125
1.87E-04,4.47E-01,1.96E-01,2.20E-01,0.023046875
1.87E-04,5.00E-01,2.18E-01,2.38E-01,0.01953125
1.88E-04,5.57E-01,2.38E-01,2.57E-01,0.01875
1.88E-04,6.11E-01,2.57E-01,2.74E-01,0.0171875
1.89E-04,6.64E-01,2.73E-01,2.92E-01,0.018359375
1.89E-04,7.19E-01,2.87E-01,3.09E-01,0.021484375
1.90E-04,7.73E-01,3.00E-01,3.26E-01,0.0265625
1.90E-04,8.22E-01,3.14E-01,3.43E-01,0.02890625
1.91E-04,8.75E-01,3.28E-01,3.59E-01,0.03125
1.91E-04,9.26E-01,3.42E-01,3.75E-01,0.032421876
1.92E-04,9.75E-01,3.57E-01,3.91E-01,0.033984376
1.92E-04,1.02E+00,3.73E-01,4.07E-01,0.033984376
1.93E-04,1.06E+00,3.89E-01,4.22E-01,0.033203126
1.93E-04,1.11E+00,4.05E-01,4.37E-01,0.032421876
1.94E-04,1.15E+00,4.22E-01,4.51E-01,0.02890625
1.94E-04,1.20E+00,4.37E-01,4.64E-01,0.026953125
1.95E-04,1.24E+00,4.52E-01,4.78E-01,0.026171875
1.95E-04,1.28E+00,4.68E-01,4.90E-01,0.022265625
1.96E-04,1.31E+00,4.82E-01,5.02E-01,0.019921875
1.96E-04,1.34E+00,4.93E-01,5.13E-01,0.020703125
1.97E-04,1.38E+00,5.04E-01,5.25E-01,0.0203125
1.97E-04,1.41E+00,5.12E-01,5.34E-01,0.022265625
1.98E-04,1.44E+00,5.20E-01,5.45E-01,0.024609375
1.98E-04,1.47E+00,5.29E-01,5.55E-01,0.026953125
1.99E-04,1.50E+00,5.36E-01,5.64E-01,0.02890625
1.99E-04,1.52E+00,5.42E-01,5.73E-01,0.03125
2.00E-04,1.54E+00,5.50E-01,5.81E-01,0.030859376
2.00E-04,1.57E+00,5.57E-01,5.88E-01,0.03125
2.01E-04,1.59E+00,5.64E-01,5.95E-01,0.031250001
2.01E-04,1.60E+00,5.70E-01,6.01E-01,0.030859376
2.02E-04,1.62E+00,5.78E-01,6.06E-01,0.027734375
2.02E-04,1.63E+00,5.84E-01,6.11E-01,0.0265625
2.03E-04,1.65E+00,5.89E-01,6.15E-01,0.026171875
2.03E-04,1.66E+00,5.95E-01,6.19E-01,0.02421875
2.04E-04,1.67E+00,5.99E-01,6.22E-01,0.023046875
2.04E-04,1.68E+00,6.04E-01,6.24E-01,0.019921875
2.05E-04,1.69E+00,6.07E-01,6.26E-01,0.01875
2.05E-04,1.68E+00,6.10E-01,6.27E-01,0.0171875
2.06E-04,1.69E+00,6.09E-01,6.28E-01,0.018359375
2.06E-04,1.68E+00,6.07E-01,6.27E-01,0.01953125
2.07E-04,1.68E+00,6.07E-01,6.27E-01,0.0203125
2.07E-04,1.68E+00,6.04E-01,6.26E-01,0.022265625
2.08E-04,1.67E+00,6.03E-01,6.24E-01,0.021484375
2.08E-04,1.66E+00,5.98E-01,6.21E-01,0.0234375
2.09E-04,1.65E+00,5.98E-01,6.19E-01,0.02109375
2.09E-04,1.64E+00,5.93E-01,6.15E-01,0.021484375
2.10E-04,1.63E+00,5.91E-01,6.11E-01,0.019921875
2.10E-04,1.61E+00,5.85E-01,6.05E-01,0.020703125
2.11E-04,1.60E+00,5.81E-01,6.00E-01,0.01953125
2.11E-04,1.58E+00,5.75E-01,5.94E-01,0.01875
2.12E-04,1.56E+00,5.70E-01,5.88E-01,0.017578125
2.12E-04,1.53E+00,5.64E-01,5.80E-01,0.016015625
2.13E-04,1.51E+00,5.56E-01,5.73E-01,0.01640625
2.13E-04,1.48E+00,5.49E-01,5.64E-01,0.01484375
2.14E-04,1.46E+00,5.42E-01,5.54E-01,0.012109375
2.14E-04,1.43E+00,5.32E-01,5.45E-01,0.0125
2.15E-04,1.40E+00,5.21E-01,5.34E-01,0.013671875
2.15E-04,1.37E+00,5.10E-01,5.24E-01,0.0140625
2.16E-04,1.33E+00,5.00E-01,5.13E-01,0.013671875
2.16E-04,1.29E+00,4.89E-01,5.01E-01,0.0125
2.17E-04,1.26E+00,4.80E-01,4.89E-01,0.009765625
2.17E-04,1.22E+00,4.67E-01,4.77E-01,0.01015625
2.18E-04,1.18E+00,4.54E-01,4.63E-01,0.009375
2.18E-04,1.14E+00,4.41E-01,4.50E-01,0.00859375
2.19E-04,1.10E+00,4.27E-01,4.37E-01,0.009765625
2.19E-04,1.05E+00,4.12E-01,4.21E-01,0.008984375
2.20E-04,1.00E+00,3.97E-01,4.05E-01,0.00859375
2.20E-04,9.51E-01,3.83E-01,3.90E-01,0.007421875
2.21E-04,9.06E-01,3.68E-01,3.74E-01,0.00546875
2.21E-04,8.54E-01,3.54E-01,3.57E-01,0.00390625
2.22E-04,8.01E-01,3.38E-01,3.42E-01,0.00390625
2.22E-04,7.48E-01,3.24E-01,3.25E-01,0.00078125
2.23E-04,6.93E-01,3.06E-01,3.07E-01,0.001171875
2.23E-04,6.39E-01,2.89E-01,2.91E-01,0.0015625
2.24E-04,5.84E-01,2.73E-01,2.73E-01,0.000390625
2.24E-04,5.29E-01,2.55E-01,2.55E-01,0.000390625
2.25E-04,4.79E-01,2.36E-01,2.37E-01,0.00078125
2.25E-04,4.22E-01,2.19E-01,2.18E-01,0.000390625
2.26E-04,3.67E-01,2.00E-01,1.99E-01,0.001171875
2.26E-04,3.05E-01,1.82E-01,1.80E-01,0.00234375
2.27E-04,2.44E-01,1.64E-01,1.60E-01,0.003515625
2.27E-04,1.89E-01,1.46E-01,1.40E-01,0.00546875
2.28E-04,1.21E-01,1.25E-01,1.21E-01,0.00390625
2.28E-04,6.45E-02,1.04E-01,1.01E-01,0.002734375
2.29E-04,5.86E-03,8.40E-02,8.20E-02,0.001953125
2.29E-04,-5.27E-02,6.33E-02,6.17E-02,0.0015625
2.30E-04,-1.09E-01,4.18E-02,4.10E-02,0.00078125
2.30E-04,-1.66E-01,2.07E-02,2.11E-02,0.000390625
2.31E-04,-2.25E-01,0.00E+00,1.56E-03,0.0015625
2.31E-04,-2.87E-01,-1.72E-02,-1.80E-02,0.00078125
2.32E-04,-3.52E-01,-3.55E-02,-3.59E-02,0.000390625
2.32E-04,-4.10E-01,-5.39E-02,-5.59E-02,0.001953125
2.33E-04,-4.73E-01,-7.23E-02,-7.66E-02,0.004296875
2.33E-04,-5.37E-01,-9.10E-02,-9.61E-02,0.005078125
2.34E-04,-5.96E-01,-1.09E-01,-1.15E-01,0.005859375
2.34E-04,-6.56E-01,-1.30E-01,-1.36E-01,0.00625
2.35E-04,-7.09E-01,-1.47E-01,-1.55E-01,0.0078125
2.35E-04,-7.66E-01,-1.65E-01,-1.74E-01,0.00859375
2.36E-04,-8.32E-01,-1.85E-01,-1.93E-01,0.008203125
2.36E-04,-8.87E-01,-2.05E-01,-2.12E-01,0.006640625
2.37E-04,-9.45E-01,-2.23E-01,-2.32E-01,0.00859375
2.37E-04,-1.00E+00,-2.41E-01,-2.52E-01,0.010546875
2.38E-04,-1.07E+00,-2.60E-01,-2.70E-01,0.009375
2.38E-04,-1.12E+00,-2.77E-01,-2.88E-01,0.010546875
2.39E-04,-1.17E+00,-2.96E-01,-3.06E-01,0.01015625
2.39E-04,-1.22E+00,-3.13E-01,-3.23E-01,0.0109375
2.40E-04,-1.28E+00,-3.31E-01,-3.39E-01,0.0078125
2.40E-04,-1.32E+00,-3.46E-01,-3.56E-01,0.010546875
2.41E-04,-1.37E+00,-3.63E-01,-3.72E-01,0.009375
2.41E-04,-1.43E+00,-3.78E-01,-3.89E-01,0.0109375
2.42E-04,-1.48E+00,-3.93E-01,-4.05E-01,0.012109375
2.42E-04,-1.52E+00,-4.09E-01,-4.20E-01,0.010546875
2.43E-04,-1.57E+00,-4.23E-01,-4.35E-01,0.01171875
2.43E-04,-1.60E+00,-4.36E-01,-4.50E-01,0.01328125
2.44E-04,-1.65E+00,-4.49E-01,-4.64E-01,0.01484375
2.44E-04,-1.69E+00,-4.64E-01,-4.79E-01,0.01484375
2.45E-04,-1.73E+00,-4.77E-01,-4.92E-01,0.01484375
2.45E-04,-1.77E+00,-4.90E-01,-5.04E-01,0.014453125
2.46E-04,-1.80E+00,-5.03E-01,-5.17E-01,0.0140625
2.46E-04,-1.84E+00,-5.14E-01,-5.28E-01,0.0140625
2.47E-04,-1.88E+00,-5.25E-01,-5.39E-01,0.013671875
2.47E-04,-1.91E+00,-5.35E-01,-5.50E-01,0.014453125
2.48E-04,-1.94E+00,-5.46E-01,-5.59E-01,0.012890625
2.48E-04,-1.96E+00,-5.55E-01,-5.68E-01,0.0125
2.49E-04,-1.99E+00,-5.66E-01,-5.78E-01,0.0125
2.49E-04,-2.02E+00,-5.75E-01,-5.86E-01,0.010546875
2.50E-04,,,,
